#SampleID,BarcodeSequence,LinkerPrimerSequence,ELN,UnileverSampleID,UnileverStudyNumber,UnileverStudyName,ExternalStudyNumber,ControlSample,ControlID,SampleCollectionDate,SampleCollectionCountry,SampleCollectionCity,SubjectID,Age,Sex,Smoker,SmokerInHouse,Ethnicity,Timepoint,TimepointName,InvestigationType,SampleType,VariableRegion,SequencingPlatform,ForwardPrimer,ReversePrimer,Bodysite,SampleSite,GingivalIndexGI,PlaqueIndexPI,Description
8_Plaque,NA,NA,NA,1,ORL_ECO_3576,Indiansitespecificoralmicrobiomestudy,ORL-ECO-3576-S028-008,No,NA,NA,India,Gujarat,8,NA,Female,No,NA,SouthAsian,1,Baseline,16S,SupragingivalPlaque,V1-V2,Illumina,AGAGTTTGATCCTGGCTCAG,CTGCTGCCTYCCGTA,OralCavity,Teeth,2.88,6.34,1_8_Plaque
51_Plaque,NA,NA,NA,2,ORL_ECO_3576,Indiansitespecificoralmicrobiomestudy,ORL-ECO-3576-S126-051,No,NA,NA,India,Gujarat,51,NA,Female,No,NA,SouthAsian,1,Baseline,16S,SupragingivalPlaque,V1-V2,Illumina,AGAGTTTGATCCTGGCTCAG,CTGCTGCCTYCCGTA,OralCavity,Teeth,1.75,4.79,2_51_Plaque
52_Plaque,NA,NA,NA,3,ORL_ECO_3576,Indiansitespecificoralmicrobiomestudy,ORL-ECO-3576-S129-052,No,NA,NA,India,Gujarat,52,NA,Female,No,NA,SouthAsian,1,Baseline,16S,SupragingivalPlaque,V1-V2,Illumina,AGAGTTTGATCCTGGCTCAG,CTGCTGCCTYCCGTA,OralCavity,Teeth,1.46,5.04,3_52_Plaque
53_Plaque,NA,NA,NA,4,ORL_ECO_3576,Indiansitespecificoralmicrobiomestudy,ORL-ECO-3576-S124-053,No,NA,NA,India,Gujarat,53,NA,Female,No,NA,SouthAsian,1,Baseline,16S,SupragingivalPlaque,V1-V2,Illumina,AGAGTTTGATCCTGGCTCAG,CTGCTGCCTYCCGTA,OralCavity,Teeth,1.66,2.72,4_53_Plaque
54_Plaque,NA,NA,NA,5,ORL_ECO_3576,Indiansitespecificoralmicrobiomestudy,ORL-ECO-3576-S140-054,No,NA,NA,India,Gujarat,54,NA,Female,No,NA,SouthAsian,1,Baseline,16S,SupragingivalPlaque,V1-V2,Illumina,AGAGTTTGATCCTGGCTCAG,CTGCTGCCTYCCGTA,OralCavity,Teeth,2.25,3.64,5_54_Plaque
55_Plaque,NA,NA,NA,6,ORL_ECO_3576,Indiansitespecificoralmicrobiomestudy,ORL-ECO-3576-S150-055,No,NA,NA,India,Gujarat,55,NA,Female,No,NA,SouthAsian,1,Baseline,16S,SupragingivalPlaque,V1-V2,Illumina,AGAGTTTGATCCTGGCTCAG,CTGCTGCCTYCCGTA,OralCavity,Teeth,1.27,5.38,6_55_Plaque
56_Plaque,NA,NA,NA,7,ORL_ECO_3576,Indiansitespecificoralmicrobiomestudy,ORL-ECO-3576-S154-056,No,NA,NA,India,Gujarat,56,NA,Female,No,NA,SouthAsian,1,Baseline,16S,SupragingivalPlaque,V1-V2,Illumina,AGAGTTTGATCCTGGCTCAG,CTGCTGCCTYCCGTA,OralCavity,Teeth,3.5,3.67,7_56_Plaque
57_Plaque,NA,NA,NA,8,ORL_ECO_3576,Indiansitespecificoralmicrobiomestudy,ORL-ECO-3576-S136-057,No,NA,NA,India,Gujarat,57,NA,Female,No,NA,SouthAsian,1,Baseline,16S,SupragingivalPlaque,V1-V2,Illumina,AGAGTTTGATCCTGGCTCAG,CTGCTGCCTYCCGTA,OralCavity,Teeth,2.32,4.75,8_57_Plaque
58_Plaque,NA,NA,NA,9,ORL_ECO_3576,Indiansitespecificoralmicrobiomestudy,ORL-ECO-3576-S135-058,No,NA,NA,India,Gujarat,58,NA,Female,No,NA,SouthAsian,1,Baseline,16S,SupragingivalPlaque,V1-V2,Illumina,AGAGTTTGATCCTGGCTCAG,CTGCTGCCTYCCGTA,OralCavity,Teeth,3.58,3.58,9_58_Plaque
59_Plaque,NA,NA,NA,10,ORL_ECO_3576,Indiansitespecificoralmicrobiomestudy,ORL-ECO-3576-S123-059,No,NA,NA,India,Gujarat,59,NA,Female,No,NA,SouthAsian,1,Baseline,16S,SupragingivalPlaque,V1-V2,Illumina,AGAGTTTGATCCTGGCTCAG,CTGCTGCCTYCCGTA,OralCavity,Teeth,2.31,3.94,10_59_Plaque
60_Plaque,NA,NA,NA,11,ORL_ECO_3576,Indiansitespecificoralmicrobiomestudy,ORL-ECO-3576-S148-060,No,NA,NA,India,Gujarat,60,NA,Male,No,NA,SouthAsian,1,Baseline,16S,SupragingivalPlaque,V1-V2,Illumina,AGAGTTTGATCCTGGCTCAG,CTGCTGCCTYCCGTA,OralCavity,Teeth,2.61,4,11_60_Plaque
61_Plaque,NA,NA,NA,12,ORL_ECO_3576,Indiansitespecificoralmicrobiomestudy,ORL-ECO-3576-S141-061,No,NA,NA,India,Gujarat,61,NA,Female,No,NA,SouthAsian,1,Baseline,16S,SupragingivalPlaque,V1-V2,Illumina,AGAGTTTGATCCTGGCTCAG,CTGCTGCCTYCCGTA,OralCavity,Teeth,2.07,3.64,12_61_Plaque
62_Plaque,NA,NA,NA,13,ORL_ECO_3576,Indiansitespecificoralmicrobiomestudy,ORL-ECO-3576-S138-062,No,NA,NA,India,Gujarat,62,NA,Female,No,NA,SouthAsian,1,Baseline,16S,SupragingivalPlaque,V1-V2,Illumina,AGAGTTTGATCCTGGCTCAG,CTGCTGCCTYCCGTA,OralCavity,Teeth,1.52,3.74,13_62_Plaque
67_Plaque,NA,NA,NA,14,ORL_ECO_3576,Indiansitespecificoralmicrobiomestudy,ORL-ECO-3576-S171-067,No,NA,NA,India,Gujarat,67,NA,Male,No,NA,SouthAsian,1,Baseline,16S,SupragingivalPlaque,V1-V2,Illumina,AGAGTTTGATCCTGGCTCAG,CTGCTGCCTYCCGTA,OralCavity,Teeth,1.38,3,14_67_Plaque
82_Plaque,NA,NA,NA,15,ORL_ECO_3576,Indiansitespecificoralmicrobiomestudy,ORL-ECO-3576-S184-082,No,NA,NA,India,Gujarat,82,NA,Male,No,NA,SouthAsian,1,Baseline,16S,SupragingivalPlaque,V1-V2,Illumina,AGAGTTTGATCCTGGCTCAG,CTGCTGCCTYCCGTA,OralCavity,Teeth,1.68,5.08,15_82_Plaque
139_Plaque,NA,NA,NA,16,ORL_ECO_3576,Indiansitespecificoralmicrobiomestudy,ORL-ECO-3576-S282-139,No,NA,NA,India,Gujarat,139,NA,Male,No,NA,SouthAsian,1,Baseline,16S,SupragingivalPlaque,V1-V2,Illumina,AGAGTTTGATCCTGGCTCAG,CTGCTGCCTYCCGTA,OralCavity,Teeth,1.43,4.25,16_139_Plaque
141_Plaque,NA,NA,NA,17,ORL_ECO_3576,Indiansitespecificoralmicrobiomestudy,ORL-ECO-3576-S283-141,No,NA,NA,India,Gujarat,141,NA,Male,No,NA,SouthAsian,1,Baseline,16S,SupragingivalPlaque,V1-V2,Illumina,AGAGTTTGATCCTGGCTCAG,CTGCTGCCTYCCGTA,OralCavity,Teeth,2.65,3.9,17_141_Plaque
148_Plaque,NA,NA,NA,18,ORL_ECO_3576,Indiansitespecificoralmicrobiomestudy,ORL-ECO-3576-S290-148,No,NA,NA,India,Gujarat,148,NA,Male,No,NA,SouthAsian,1,Baseline,16S,SupragingivalPlaque,V1-V2,Illumina,AGAGTTTGATCCTGGCTCAG,CTGCTGCCTYCCGTA,OralCavity,Teeth,1.38,3.19,18_148_Plaque
149_Plaque,NA,NA,NA,19,ORL_ECO_3576,Indiansitespecificoralmicrobiomestudy,ORL-ECO-3576-S292-149,No,NA,NA,India,Gujarat,149,NA,Male,No,NA,SouthAsian,1,Baseline,16S,SupragingivalPlaque,V1-V2,Illumina,AGAGTTTGATCCTGGCTCAG,CTGCTGCCTYCCGTA,OralCavity,Teeth,1.25,4.06,19_149_Plaque
166_Plaque,NA,NA,NA,20,ORL_ECO_3576,Indiansitespecificoralmicrobiomestudy,ORL-ECO-3576-S314-166,No,NA,NA,India,Gujarat,166,NA,Male,No,NA,SouthAsian,1,Baseline,16S,SupragingivalPlaque,V1-V2,Illumina,AGAGTTTGATCCTGGCTCAG,CTGCTGCCTYCCGTA,OralCavity,Teeth,1.66,3.53,20_166_Plaque
167_Plaque,NA,NA,NA,21,ORL_ECO_3576,Indiansitespecificoralmicrobiomestudy,ORL-ECO-3576-S315-167,No,NA,NA,India,Gujarat,167,NA,Male,No,NA,SouthAsian,1,Baseline,16S,SupragingivalPlaque,V1-V2,Illumina,AGAGTTTGATCCTGGCTCAG,CTGCTGCCTYCCGTA,OralCavity,Teeth,1.61,5.11,21_167_Plaque
174_Plaque,NA,NA,NA,22,ORL_ECO_3576,Indiansitespecificoralmicrobiomestudy,ORL-ECO-3576-S330-174,No,NA,NA,India,Gujarat,174,NA,Male,No,NA,SouthAsian,1,Baseline,16S,SupragingivalPlaque,V1-V2,Illumina,AGAGTTTGATCCTGGCTCAG,CTGCTGCCTYCCGTA,OralCavity,Teeth,1.44,8.63,22_174_Plaque
176_Plaque,NA,NA,NA,23,ORL_ECO_3576,Indiansitespecificoralmicrobiomestudy,ORL-ECO-3576-S323-176,No,NA,NA,India,Gujarat,176,NA,Male,No,NA,SouthAsian,1,Baseline,16S,SupragingivalPlaque,V1-V2,Illumina,AGAGTTTGATCCTGGCTCAG,CTGCTGCCTYCCGTA,OralCavity,Teeth,1.68,3,23_176_Plaque
177_Plaque,NA,NA,NA,24,ORL_ECO_3576,Indiansitespecificoralmicrobiomestudy,ORL-ECO-3576-S319-177,No,NA,NA,India,Gujarat,177,NA,Male,No,NA,SouthAsian,1,Baseline,16S,SupragingivalPlaque,V1-V2,Illumina,AGAGTTTGATCCTGGCTCAG,CTGCTGCCTYCCGTA,OralCavity,Teeth,1.42,3.35,24_177_Plaque
178_Plaque,NA,NA,NA,25,ORL_ECO_3576,Indiansitespecificoralmicrobiomestudy,ORL-ECO-3576-S321-178,No,NA,NA,India,Gujarat,178,NA,Male,No,NA,SouthAsian,1,Baseline,16S,SupragingivalPlaque,V1-V2,Illumina,AGAGTTTGATCCTGGCTCAG,CTGCTGCCTYCCGTA,OralCavity,Teeth,1.47,3.91,25_178_Plaque
8_Tongue,NA,NA,NA,26,ORL_ECO_3576,Indiansitespecificoralmicrobiomestudy,ORL-ECO-3576-S028-008,No,NA,NA,India,Gujarat,8,NA,Female,No,NA,SouthAsian,1,Baseline,16S,Tongue,V1-V2,Illumina,AGAGTTTGATCCTGGCTCAG,CTGCTGCCTYCCGTA,OralCavity,Tongue,2.88,6.34,26_8_Tongue
51_Tongue,NA,NA,NA,27,ORL_ECO_3576,Indiansitespecificoralmicrobiomestudy,ORL-ECO-3576-S126-051,No,NA,NA,India,Gujarat,51,NA,Female,No,NA,SouthAsian,1,Baseline,16S,Tongue,V1-V2,Illumina,AGAGTTTGATCCTGGCTCAG,CTGCTGCCTYCCGTA,OralCavity,Tongue,1.75,4.79,27_51_Tongue
52_Tongue,NA,NA,NA,28,ORL_ECO_3576,Indiansitespecificoralmicrobiomestudy,ORL-ECO-3576-S129-052,No,NA,NA,India,Gujarat,52,NA,Female,No,NA,SouthAsian,1,Baseline,16S,Tongue,V1-V2,Illumina,AGAGTTTGATCCTGGCTCAG,CTGCTGCCTYCCGTA,OralCavity,Tongue,1.46,5.04,28_52_Tongue
53_Tongue,NA,NA,NA,29,ORL_ECO_3576,Indiansitespecificoralmicrobiomestudy,ORL-ECO-3576-S124-053,No,NA,NA,India,Gujarat,53,NA,Female,No,NA,SouthAsian,1,Baseline,16S,Tongue,V1-V2,Illumina,AGAGTTTGATCCTGGCTCAG,CTGCTGCCTYCCGTA,OralCavity,Tongue,1.66,2.72,29_53_Tongue
54_Tongue,NA,NA,NA,30,ORL_ECO_3576,Indiansitespecificoralmicrobiomestudy,ORL-ECO-3576-S140-054,No,NA,NA,India,Gujarat,54,NA,Female,No,NA,SouthAsian,1,Baseline,16S,Tongue,V1-V2,Illumina,AGAGTTTGATCCTGGCTCAG,CTGCTGCCTYCCGTA,OralCavity,Tongue,2.25,3.64,30_54_Tongue
55_Tongue,NA,NA,NA,31,ORL_ECO_3576,Indiansitespecificoralmicrobiomestudy,ORL-ECO-3576-S150-055,No,NA,NA,India,Gujarat,55,NA,Female,No,NA,SouthAsian,1,Baseline,16S,Tongue,V1-V2,Illumina,AGAGTTTGATCCTGGCTCAG,CTGCTGCCTYCCGTA,OralCavity,Tongue,1.27,5.38,31_55_Tongue
56_Tongue,NA,NA,NA,32,ORL_ECO_3576,Indiansitespecificoralmicrobiomestudy,ORL-ECO-3576-S154-056,No,NA,NA,India,Gujarat,56,NA,Female,No,NA,SouthAsian,1,Baseline,16S,Tongue,V1-V2,Illumina,AGAGTTTGATCCTGGCTCAG,CTGCTGCCTYCCGTA,OralCavity,Tongue,3.5,3.67,32_56_Tongue
57_Tongue,NA,NA,NA,33,ORL_ECO_3576,Indiansitespecificoralmicrobiomestudy,ORL-ECO-3576-S136-057,No,NA,NA,India,Gujarat,57,NA,Female,No,NA,SouthAsian,1,Baseline,16S,Tongue,V1-V2,Illumina,AGAGTTTGATCCTGGCTCAG,CTGCTGCCTYCCGTA,OralCavity,Tongue,2.32,4.75,33_57_Tongue
58_Tongue,NA,NA,NA,34,ORL_ECO_3576,Indiansitespecificoralmicrobiomestudy,ORL-ECO-3576-S135-058,No,NA,NA,India,Gujarat,58,NA,Female,No,NA,SouthAsian,1,Baseline,16S,Tongue,V1-V2,Illumina,AGAGTTTGATCCTGGCTCAG,CTGCTGCCTYCCGTA,OralCavity,Tongue,3.58,3.58,34_58_Tongue
59_Tongue,NA,NA,NA,35,ORL_ECO_3576,Indiansitespecificoralmicrobiomestudy,ORL-ECO-3576-S123-059,No,NA,NA,India,Gujarat,59,NA,Female,No,NA,SouthAsian,1,Baseline,16S,Tongue,V1-V2,Illumina,AGAGTTTGATCCTGGCTCAG,CTGCTGCCTYCCGTA,OralCavity,Tongue,2.31,3.94,35_59_Tongue
60_Tongue,NA,NA,NA,36,ORL_ECO_3576,Indiansitespecificoralmicrobiomestudy,ORL-ECO-3576-S148-060,No,NA,NA,India,Gujarat,60,NA,Male,No,NA,SouthAsian,1,Baseline,16S,Tongue,V1-V2,Illumina,AGAGTTTGATCCTGGCTCAG,CTGCTGCCTYCCGTA,OralCavity,Tongue,2.61,4,36_60_Tongue
61_Tongue,NA,NA,NA,37,ORL_ECO_3576,Indiansitespecificoralmicrobiomestudy,ORL-ECO-3576-S141-061,No,NA,NA,India,Gujarat,61,NA,Female,No,NA,SouthAsian,1,Baseline,16S,Tongue,V1-V2,Illumina,AGAGTTTGATCCTGGCTCAG,CTGCTGCCTYCCGTA,OralCavity,Tongue,2.07,3.64,37_61_Tongue
62_Tongue,NA,NA,NA,38,ORL_ECO_3576,Indiansitespecificoralmicrobiomestudy,ORL-ECO-3576-S138-062,No,NA,NA,India,Gujarat,62,NA,Female,No,NA,SouthAsian,1,Baseline,16S,Tongue,V1-V2,Illumina,AGAGTTTGATCCTGGCTCAG,CTGCTGCCTYCCGTA,OralCavity,Tongue,1.52,3.74,38_62_Tongue
67_Tongue,NA,NA,NA,39,ORL_ECO_3576,Indiansitespecificoralmicrobiomestudy,ORL-ECO-3576-S171-067,No,NA,NA,India,Gujarat,67,NA,Male,No,NA,SouthAsian,1,Baseline,16S,Tongue,V1-V2,Illumina,AGAGTTTGATCCTGGCTCAG,CTGCTGCCTYCCGTA,OralCavity,Tongue,1.38,3,39_67_Tongue
82_Tongue,NA,NA,NA,40,ORL_ECO_3576,Indiansitespecificoralmicrobiomestudy,ORL-ECO-3576-S184-082,No,NA,NA,India,Gujarat,82,NA,Male,No,NA,SouthAsian,1,Baseline,16S,Tongue,V1-V2,Illumina,AGAGTTTGATCCTGGCTCAG,CTGCTGCCTYCCGTA,OralCavity,Tongue,1.68,5.08,40_82_Tongue
139_Tongue,NA,NA,NA,41,ORL_ECO_3576,Indiansitespecificoralmicrobiomestudy,ORL-ECO-3576-S282-139,No,NA,NA,India,Gujarat,139,NA,Male,No,NA,SouthAsian,1,Baseline,16S,Tongue,V1-V2,Illumina,AGAGTTTGATCCTGGCTCAG,CTGCTGCCTYCCGTA,OralCavity,Tongue,1.43,4.25,41_139_Tongue
141_Tongue,NA,NA,NA,42,ORL_ECO_3576,Indiansitespecificoralmicrobiomestudy,ORL-ECO-3576-S283-141,No,NA,NA,India,Gujarat,141,NA,Male,No,NA,SouthAsian,1,Baseline,16S,Tongue,V1-V2,Illumina,AGAGTTTGATCCTGGCTCAG,CTGCTGCCTYCCGTA,OralCavity,Tongue,2.65,3.9,42_141_Tongue
148_Tongue,NA,NA,NA,43,ORL_ECO_3576,Indiansitespecificoralmicrobiomestudy,ORL-ECO-3576-S290-148,No,NA,NA,India,Gujarat,148,NA,Male,No,NA,SouthAsian,1,Baseline,16S,Tongue,V1-V2,Illumina,AGAGTTTGATCCTGGCTCAG,CTGCTGCCTYCCGTA,OralCavity,Tongue,1.38,3.19,43_148_Tongue
149_Tongue,NA,NA,NA,44,ORL_ECO_3576,Indiansitespecificoralmicrobiomestudy,ORL-ECO-3576-S292-149,No,NA,NA,India,Gujarat,149,NA,Male,No,NA,SouthAsian,1,Baseline,16S,Tongue,V1-V2,Illumina,AGAGTTTGATCCTGGCTCAG,CTGCTGCCTYCCGTA,OralCavity,Tongue,1.25,4.06,44_149_Tongue
166_Tongue,NA,NA,NA,45,ORL_ECO_3576,Indiansitespecificoralmicrobiomestudy,ORL-ECO-3576-S314-166,No,NA,NA,India,Gujarat,166,NA,Male,No,NA,SouthAsian,1,Baseline,16S,Tongue,V1-V2,Illumina,AGAGTTTGATCCTGGCTCAG,CTGCTGCCTYCCGTA,OralCavity,Tongue,1.66,3.53,45_166_Tongue
167_Tongue,NA,NA,NA,46,ORL_ECO_3576,Indiansitespecificoralmicrobiomestudy,ORL-ECO-3576-S315-167,No,NA,NA,India,Gujarat,167,NA,Male,No,NA,SouthAsian,1,Baseline,16S,Tongue,V1-V2,Illumina,AGAGTTTGATCCTGGCTCAG,CTGCTGCCTYCCGTA,OralCavity,Tongue,1.61,5.11,46_167_Tongue
174_Tongue,NA,NA,NA,47,ORL_ECO_3576,Indiansitespecificoralmicrobiomestudy,ORL-ECO-3576-S330-174,No,NA,NA,India,Gujarat,174,NA,Male,No,NA,SouthAsian,1,Baseline,16S,Tongue,V1-V2,Illumina,AGAGTTTGATCCTGGCTCAG,CTGCTGCCTYCCGTA,OralCavity,Tongue,1.44,8.63,47_174_Tongue
176_Tongue,NA,NA,NA,48,ORL_ECO_3576,Indiansitespecificoralmicrobiomestudy,ORL-ECO-3576-S323-176,No,NA,NA,India,Gujarat,176,NA,Male,No,NA,SouthAsian,1,Baseline,16S,Tongue,V1-V2,Illumina,AGAGTTTGATCCTGGCTCAG,CTGCTGCCTYCCGTA,OralCavity,Tongue,1.68,3,48_176_Tongue
177_Tongue,NA,NA,NA,49,ORL_ECO_3576,Indiansitespecificoralmicrobiomestudy,ORL-ECO-3576-S319-177,No,NA,NA,India,Gujarat,177,NA,Male,No,NA,SouthAsian,1,Baseline,16S,Tongue,V1-V2,Illumina,AGAGTTTGATCCTGGCTCAG,CTGCTGCCTYCCGTA,OralCavity,Tongue,1.42,3.35,49_177_Tongue
178_Tongue,NA,NA,NA,50,ORL_ECO_3576,Indiansitespecificoralmicrobiomestudy,ORL-ECO-3576-S321-178,No,NA,NA,India,Gujarat,178,NA,Male,No,NA,SouthAsian,1,Baseline,16S,Tongue,V1-V2,Illumina,AGAGTTTGATCCTGGCTCAG,CTGCTGCCTYCCGTA,OralCavity,Tongue,1.47,3.91,50_178_Tongue
8_Buccal_Mucosa,NA,NA,NA,51,ORL_ECO_3576,Indiansitespecificoralmicrobiomestudy,ORL-ECO-3576-S028-008,No,NA,NA,India,Gujarat,8,NA,Female,No,NA,SouthAsian,1,Baseline,16S,BuccalMucosaScrapings,V1-V2,Illumina,AGAGTTTGATCCTGGCTCAG,CTGCTGCCTYCCGTA,OralCavity,Cheek,2.88,6.34,51_8_Buccal_Mucosa
51_Buccal_Mucosa,NA,NA,NA,52,ORL_ECO_3576,Indiansitespecificoralmicrobiomestudy,ORL-ECO-3576-S126-051,No,NA,NA,India,Gujarat,51,NA,Female,No,NA,SouthAsian,1,Baseline,16S,BuccalMucosaScrapings,V1-V2,Illumina,AGAGTTTGATCCTGGCTCAG,CTGCTGCCTYCCGTA,OralCavity,Cheek,1.75,4.79,52_51_Buccal_Mucosa
52_Buccal_Mucosa,NA,NA,NA,53,ORL_ECO_3576,Indiansitespecificoralmicrobiomestudy,ORL-ECO-3576-S129-052,No,NA,NA,India,Gujarat,52,NA,Female,No,NA,SouthAsian,1,Baseline,16S,BuccalMucosaScrapings,V1-V2,Illumina,AGAGTTTGATCCTGGCTCAG,CTGCTGCCTYCCGTA,OralCavity,Cheek,1.46,5.04,53_52_Buccal_Mucosa
53_Buccal_Mucosa,NA,NA,NA,54,ORL_ECO_3576,Indiansitespecificoralmicrobiomestudy,ORL-ECO-3576-S124-053,No,NA,NA,India,Gujarat,53,NA,Female,No,NA,SouthAsian,1,Baseline,16S,BuccalMucosaScrapings,V1-V2,Illumina,AGAGTTTGATCCTGGCTCAG,CTGCTGCCTYCCGTA,OralCavity,Cheek,1.66,2.72,54_53_Buccal_Mucosa
54_Buccal_Mucosa,NA,NA,NA,55,ORL_ECO_3576,Indiansitespecificoralmicrobiomestudy,ORL-ECO-3576-S140-054,No,NA,NA,India,Gujarat,54,NA,Female,No,NA,SouthAsian,1,Baseline,16S,BuccalMucosaScrapings,V1-V2,Illumina,AGAGTTTGATCCTGGCTCAG,CTGCTGCCTYCCGTA,OralCavity,Cheek,2.25,3.64,55_54_Buccal_Mucosa
55_Buccal_Mucosa,NA,NA,NA,56,ORL_ECO_3576,Indiansitespecificoralmicrobiomestudy,ORL-ECO-3576-S150-055,No,NA,NA,India,Gujarat,55,NA,Female,No,NA,SouthAsian,1,Baseline,16S,BuccalMucosaScrapings,V1-V2,Illumina,AGAGTTTGATCCTGGCTCAG,CTGCTGCCTYCCGTA,OralCavity,Cheek,1.27,5.38,56_55_Buccal_Mucosa
56_Buccal_Mucosa,NA,NA,NA,57,ORL_ECO_3576,Indiansitespecificoralmicrobiomestudy,ORL-ECO-3576-S154-056,No,NA,NA,India,Gujarat,56,NA,Female,No,NA,SouthAsian,1,Baseline,16S,BuccalMucosaScrapings,V1-V2,Illumina,AGAGTTTGATCCTGGCTCAG,CTGCTGCCTYCCGTA,OralCavity,Cheek,3.5,3.67,57_56_Buccal_Mucosa
57_Buccal_Mucosa,NA,NA,NA,58,ORL_ECO_3576,Indiansitespecificoralmicrobiomestudy,ORL-ECO-3576-S136-057,No,NA,NA,India,Gujarat,57,NA,Female,No,NA,SouthAsian,1,Baseline,16S,BuccalMucosaScrapings,V1-V2,Illumina,AGAGTTTGATCCTGGCTCAG,CTGCTGCCTYCCGTA,OralCavity,Cheek,2.32,4.75,58_57_Buccal_Mucosa
58_Buccal_Mucosa,NA,NA,NA,59,ORL_ECO_3576,Indiansitespecificoralmicrobiomestudy,ORL-ECO-3576-S135-058,No,NA,NA,India,Gujarat,58,NA,Female,No,NA,SouthAsian,1,Baseline,16S,BuccalMucosaScrapings,V1-V2,Illumina,AGAGTTTGATCCTGGCTCAG,CTGCTGCCTYCCGTA,OralCavity,Cheek,3.58,3.58,59_58_Buccal_Mucosa
59_Buccal_Mucosa,NA,NA,NA,60,ORL_ECO_3576,Indiansitespecificoralmicrobiomestudy,ORL-ECO-3576-S123-059,No,NA,NA,India,Gujarat,59,NA,Female,No,NA,SouthAsian,1,Baseline,16S,BuccalMucosaScrapings,V1-V2,Illumina,AGAGTTTGATCCTGGCTCAG,CTGCTGCCTYCCGTA,OralCavity,Cheek,2.31,3.94,60_59_Buccal_Mucosa
60_Buccal_Mucosa,NA,NA,NA,61,ORL_ECO_3576,Indiansitespecificoralmicrobiomestudy,ORL-ECO-3576-S148-060,No,NA,NA,India,Gujarat,60,NA,Male,No,NA,SouthAsian,1,Baseline,16S,BuccalMucosaScrapings,V1-V2,Illumina,AGAGTTTGATCCTGGCTCAG,CTGCTGCCTYCCGTA,OralCavity,Cheek,2.61,4,61_60_Buccal_Mucosa
61_Buccal_Mucosa,NA,NA,NA,62,ORL_ECO_3576,Indiansitespecificoralmicrobiomestudy,ORL-ECO-3576-S141-061,No,NA,NA,India,Gujarat,61,NA,Female,No,NA,SouthAsian,1,Baseline,16S,BuccalMucosaScrapings,V1-V2,Illumina,AGAGTTTGATCCTGGCTCAG,CTGCTGCCTYCCGTA,OralCavity,Cheek,2.07,3.64,62_61_Buccal_Mucosa
62_Buccal_Mucosa,NA,NA,NA,63,ORL_ECO_3576,Indiansitespecificoralmicrobiomestudy,ORL-ECO-3576-S138-062,No,NA,NA,India,Gujarat,62,NA,Female,No,NA,SouthAsian,1,Baseline,16S,BuccalMucosaScrapings,V1-V2,Illumina,AGAGTTTGATCCTGGCTCAG,CTGCTGCCTYCCGTA,OralCavity,Cheek,1.52,3.74,63_62_Buccal_Mucosa
67_Buccal_Mucosa,NA,NA,NA,64,ORL_ECO_3576,Indiansitespecificoralmicrobiomestudy,ORL-ECO-3576-S171-067,No,NA,NA,India,Gujarat,67,NA,Male,No,NA,SouthAsian,1,Baseline,16S,BuccalMucosaScrapings,V1-V2,Illumina,AGAGTTTGATCCTGGCTCAG,CTGCTGCCTYCCGTA,OralCavity,Cheek,1.38,3,64_67_Buccal_Mucosa
82_Buccal_Mucosa,NA,NA,NA,65,ORL_ECO_3576,Indiansitespecificoralmicrobiomestudy,ORL-ECO-3576-S184-082,No,NA,NA,India,Gujarat,82,NA,Male,No,NA,SouthAsian,1,Baseline,16S,BuccalMucosaScrapings,V1-V2,Illumina,AGAGTTTGATCCTGGCTCAG,CTGCTGCCTYCCGTA,OralCavity,Cheek,1.68,5.08,65_82_Buccal_Mucosa
139_Buccal_Mucosa,NA,NA,NA,66,ORL_ECO_3576,Indiansitespecificoralmicrobiomestudy,ORL-ECO-3576-S282-139,No,NA,NA,India,Gujarat,139,NA,Male,No,NA,SouthAsian,1,Baseline,16S,BuccalMucosaScrapings,V1-V2,Illumina,AGAGTTTGATCCTGGCTCAG,CTGCTGCCTYCCGTA,OralCavity,Cheek,1.43,4.25,66_139_Buccal_Mucosa
141_Buccal_Mucosa,NA,NA,NA,67,ORL_ECO_3576,Indiansitespecificoralmicrobiomestudy,ORL-ECO-3576-S283-141,No,NA,NA,India,Gujarat,141,NA,Male,No,NA,SouthAsian,1,Baseline,16S,BuccalMucosaScrapings,V1-V2,Illumina,AGAGTTTGATCCTGGCTCAG,CTGCTGCCTYCCGTA,OralCavity,Cheek,2.65,3.9,67_141_Buccal_Mucosa
148_Buccal_Mucosa,NA,NA,NA,68,ORL_ECO_3576,Indiansitespecificoralmicrobiomestudy,ORL-ECO-3576-S290-148,No,NA,NA,India,Gujarat,148,NA,Male,No,NA,SouthAsian,1,Baseline,16S,BuccalMucosaScrapings,V1-V2,Illumina,AGAGTTTGATCCTGGCTCAG,CTGCTGCCTYCCGTA,OralCavity,Cheek,1.38,3.19,68_148_Buccal_Mucosa
149_Buccal_Mucosa,NA,NA,NA,69,ORL_ECO_3576,Indiansitespecificoralmicrobiomestudy,ORL-ECO-3576-S292-149,No,NA,NA,India,Gujarat,149,NA,Male,No,NA,SouthAsian,1,Baseline,16S,BuccalMucosaScrapings,V1-V2,Illumina,AGAGTTTGATCCTGGCTCAG,CTGCTGCCTYCCGTA,OralCavity,Cheek,1.25,4.06,69_149_Buccal_Mucosa
166_Buccal_Mucosa,NA,NA,NA,70,ORL_ECO_3576,Indiansitespecificoralmicrobiomestudy,ORL-ECO-3576-S314-166,No,NA,NA,India,Gujarat,166,NA,Male,No,NA,SouthAsian,1,Baseline,16S,BuccalMucosaScrapings,V1-V2,Illumina,AGAGTTTGATCCTGGCTCAG,CTGCTGCCTYCCGTA,OralCavity,Cheek,1.66,3.53,70_166_Buccal_Mucosa
167_Buccal_Mucosa,NA,NA,NA,71,ORL_ECO_3576,Indiansitespecificoralmicrobiomestudy,ORL-ECO-3576-S315-167,No,NA,NA,India,Gujarat,167,NA,Male,No,NA,SouthAsian,1,Baseline,16S,BuccalMucosaScrapings,V1-V2,Illumina,AGAGTTTGATCCTGGCTCAG,CTGCTGCCTYCCGTA,OralCavity,Cheek,1.61,5.11,71_167_Buccal_Mucosa
174_Buccal_Mucosa,NA,NA,NA,72,ORL_ECO_3576,Indiansitespecificoralmicrobiomestudy,ORL-ECO-3576-S330-174,No,NA,NA,India,Gujarat,174,NA,Male,No,NA,SouthAsian,1,Baseline,16S,BuccalMucosaScrapings,V1-V2,Illumina,AGAGTTTGATCCTGGCTCAG,CTGCTGCCTYCCGTA,OralCavity,Cheek,1.44,8.63,72_174_Buccal_Mucosa
176_Buccal_Mucosa,NA,NA,NA,73,ORL_ECO_3576,Indiansitespecificoralmicrobiomestudy,ORL-ECO-3576-S323-176,No,NA,NA,India,Gujarat,176,NA,Male,No,NA,SouthAsian,1,Baseline,16S,BuccalMucosaScrapings,V1-V2,Illumina,AGAGTTTGATCCTGGCTCAG,CTGCTGCCTYCCGTA,OralCavity,Cheek,1.68,3,73_176_Buccal_Mucosa
177_Buccal_Mucosa,NA,NA,NA,74,ORL_ECO_3576,Indiansitespecificoralmicrobiomestudy,ORL-ECO-3576-S319-177,No,NA,NA,India,Gujarat,177,NA,Male,No,NA,SouthAsian,1,Baseline,16S,BuccalMucosaScrapings,V1-V2,Illumina,AGAGTTTGATCCTGGCTCAG,CTGCTGCCTYCCGTA,OralCavity,Cheek,1.42,3.35,74_177_Buccal_Mucosa
178_Buccal_Mucosa,NA,NA,NA,75,ORL_ECO_3576,Indiansitespecificoralmicrobiomestudy,ORL-ECO-3576-S321-178,No,NA,NA,India,Gujarat,178,NA,Male,No,NA,SouthAsian,1,Baseline,16S,BuccalMucosaScrapings,V1-V2,Illumina,AGAGTTTGATCCTGGCTCAG,CTGCTGCCTYCCGTA,OralCavity,Cheek,1.47,3.91,75_178_Buccal_Mucosa
8_Gingiva,NA,NA,NA,76,ORL_ECO_3576,Indiansitespecificoralmicrobiomestudy,ORL-ECO-3576-S028-008,No,NA,NA,India,Gujarat,8,NA,Female,No,NA,SouthAsian,1,Baseline,16S,GingivalScrapings,V1-V2,Illumina,AGAGTTTGATCCTGGCTCAG,CTGCTGCCTYCCGTA,OralCavity,Gums,2.88,6.34,76_8_Gingiva
51_Gingiva,NA,NA,NA,77,ORL_ECO_3576,Indiansitespecificoralmicrobiomestudy,ORL-ECO-3576-S126-051,No,NA,NA,India,Gujarat,51,NA,Female,No,NA,SouthAsian,1,Baseline,16S,GingivalScrapings,V1-V2,Illumina,AGAGTTTGATCCTGGCTCAG,CTGCTGCCTYCCGTA,OralCavity,Gums,1.75,4.79,77_51_Gingiva
52_Gingiva,NA,NA,NA,78,ORL_ECO_3576,Indiansitespecificoralmicrobiomestudy,ORL-ECO-3576-S129-052,No,NA,NA,India,Gujarat,52,NA,Female,No,NA,SouthAsian,1,Baseline,16S,GingivalScrapings,V1-V2,Illumina,AGAGTTTGATCCTGGCTCAG,CTGCTGCCTYCCGTA,OralCavity,Gums,1.46,5.04,78_52_Gingiva
53_Gingiva,NA,NA,NA,79,ORL_ECO_3576,Indiansitespecificoralmicrobiomestudy,ORL-ECO-3576-S124-053,No,NA,NA,India,Gujarat,53,NA,Female,No,NA,SouthAsian,1,Baseline,16S,GingivalScrapings,V1-V2,Illumina,AGAGTTTGATCCTGGCTCAG,CTGCTGCCTYCCGTA,OralCavity,Gums,1.66,2.72,79_53_Gingiva
54_Gingiva,NA,NA,NA,80,ORL_ECO_3576,Indiansitespecificoralmicrobiomestudy,ORL-ECO-3576-S140-054,No,NA,NA,India,Gujarat,54,NA,Female,No,NA,SouthAsian,1,Baseline,16S,GingivalScrapings,V1-V2,Illumina,AGAGTTTGATCCTGGCTCAG,CTGCTGCCTYCCGTA,OralCavity,Gums,2.25,3.64,80_54_Gingiva
55_Gingiva,NA,NA,NA,81,ORL_ECO_3576,Indiansitespecificoralmicrobiomestudy,ORL-ECO-3576-S150-055,No,NA,NA,India,Gujarat,55,NA,Female,No,NA,SouthAsian,1,Baseline,16S,GingivalScrapings,V1-V2,Illumina,AGAGTTTGATCCTGGCTCAG,CTGCTGCCTYCCGTA,OralCavity,Gums,1.27,5.38,81_55_Gingiva
56_Gingiva,NA,NA,NA,82,ORL_ECO_3576,Indiansitespecificoralmicrobiomestudy,ORL-ECO-3576-S154-056,No,NA,NA,India,Gujarat,56,NA,Female,No,NA,SouthAsian,1,Baseline,16S,GingivalScrapings,V1-V2,Illumina,AGAGTTTGATCCTGGCTCAG,CTGCTGCCTYCCGTA,OralCavity,Gums,3.5,3.67,82_56_Gingiva
57_Gingiva,NA,NA,NA,83,ORL_ECO_3576,Indiansitespecificoralmicrobiomestudy,ORL-ECO-3576-S136-057,No,NA,NA,India,Gujarat,57,NA,Female,No,NA,SouthAsian,1,Baseline,16S,GingivalScrapings,V1-V2,Illumina,AGAGTTTGATCCTGGCTCAG,CTGCTGCCTYCCGTA,OralCavity,Gums,2.32,4.75,83_57_Gingiva
58_Gingiva,NA,NA,NA,84,ORL_ECO_3576,Indiansitespecificoralmicrobiomestudy,ORL-ECO-3576-S135-058,No,NA,NA,India,Gujarat,58,NA,Female,No,NA,SouthAsian,1,Baseline,16S,GingivalScrapings,V1-V2,Illumina,AGAGTTTGATCCTGGCTCAG,CTGCTGCCTYCCGTA,OralCavity,Gums,3.58,3.58,84_58_Gingiva
59_Gingiva,NA,NA,NA,85,ORL_ECO_3576,Indiansitespecificoralmicrobiomestudy,ORL-ECO-3576-S123-059,No,NA,NA,India,Gujarat,59,NA,Female,No,NA,SouthAsian,1,Baseline,16S,GingivalScrapings,V1-V2,Illumina,AGAGTTTGATCCTGGCTCAG,CTGCTGCCTYCCGTA,OralCavity,Gums,2.31,3.94,85_59_Gingiva
60_Gingiva,NA,NA,NA,86,ORL_ECO_3576,Indiansitespecificoralmicrobiomestudy,ORL-ECO-3576-S148-060,No,NA,NA,India,Gujarat,60,NA,Male,No,NA,SouthAsian,1,Baseline,16S,GingivalScrapings,V1-V2,Illumina,AGAGTTTGATCCTGGCTCAG,CTGCTGCCTYCCGTA,OralCavity,Gums,2.61,4,86_60_Gingiva
61_Gingiva,NA,NA,NA,87,ORL_ECO_3576,Indiansitespecificoralmicrobiomestudy,ORL-ECO-3576-S141-061,No,NA,NA,India,Gujarat,61,NA,Female,No,NA,SouthAsian,1,Baseline,16S,GingivalScrapings,V1-V2,Illumina,AGAGTTTGATCCTGGCTCAG,CTGCTGCCTYCCGTA,OralCavity,Gums,2.07,3.64,87_61_Gingiva
62_Gingiva,NA,NA,NA,88,ORL_ECO_3576,Indiansitespecificoralmicrobiomestudy,ORL-ECO-3576-S138-062,No,NA,NA,India,Gujarat,62,NA,Female,No,NA,SouthAsian,1,Baseline,16S,GingivalScrapings,V1-V2,Illumina,AGAGTTTGATCCTGGCTCAG,CTGCTGCCTYCCGTA,OralCavity,Gums,1.52,3.74,88_62_Gingiva
67_Gingiva,NA,NA,NA,89,ORL_ECO_3576,Indiansitespecificoralmicrobiomestudy,ORL-ECO-3576-S171-067,No,NA,NA,India,Gujarat,67,NA,Male,No,NA,SouthAsian,1,Baseline,16S,GingivalScrapings,V1-V2,Illumina,AGAGTTTGATCCTGGCTCAG,CTGCTGCCTYCCGTA,OralCavity,Gums,1.38,3,89_67_Gingiva
82_Gingiva,NA,NA,NA,90,ORL_ECO_3576,Indiansitespecificoralmicrobiomestudy,ORL-ECO-3576-S184-082,No,NA,NA,India,Gujarat,82,NA,Male,No,NA,SouthAsian,1,Baseline,16S,GingivalScrapings,V1-V2,Illumina,AGAGTTTGATCCTGGCTCAG,CTGCTGCCTYCCGTA,OralCavity,Gums,1.68,5.08,90_82_Gingiva
139_Gingiva,NA,NA,NA,91,ORL_ECO_3576,Indiansitespecificoralmicrobiomestudy,ORL-ECO-3576-S282-139,No,NA,NA,India,Gujarat,139,NA,Male,No,NA,SouthAsian,1,Baseline,16S,GingivalScrapings,V1-V2,Illumina,AGAGTTTGATCCTGGCTCAG,CTGCTGCCTYCCGTA,OralCavity,Gums,1.43,4.25,91_139_Gingiva
141_Gingiva,NA,NA,NA,92,ORL_ECO_3576,Indiansitespecificoralmicrobiomestudy,ORL-ECO-3576-S283-141,No,NA,NA,India,Gujarat,141,NA,Male,No,NA,SouthAsian,1,Baseline,16S,GingivalScrapings,V1-V2,Illumina,AGAGTTTGATCCTGGCTCAG,CTGCTGCCTYCCGTA,OralCavity,Gums,2.65,3.9,92_141_Gingiva
148_Gingiva,NA,NA,NA,93,ORL_ECO_3576,Indiansitespecificoralmicrobiomestudy,ORL-ECO-3576-S290-148,No,NA,NA,India,Gujarat,148,NA,Male,No,NA,SouthAsian,1,Baseline,16S,GingivalScrapings,V1-V2,Illumina,AGAGTTTGATCCTGGCTCAG,CTGCTGCCTYCCGTA,OralCavity,Gums,1.38,3.19,93_148_Gingiva
149_Gingiva,NA,NA,NA,94,ORL_ECO_3576,Indiansitespecificoralmicrobiomestudy,ORL-ECO-3576-S292-149,No,NA,NA,India,Gujarat,149,NA,Male,No,NA,SouthAsian,1,Baseline,16S,GingivalScrapings,V1-V2,Illumina,AGAGTTTGATCCTGGCTCAG,CTGCTGCCTYCCGTA,OralCavity,Gums,1.25,4.06,94_149_Gingiva
166_Gingiva,NA,NA,NA,95,ORL_ECO_3576,Indiansitespecificoralmicrobiomestudy,ORL-ECO-3576-S314-166,No,NA,NA,India,Gujarat,166,NA,Male,No,NA,SouthAsian,1,Baseline,16S,GingivalScrapings,V1-V2,Illumina,AGAGTTTGATCCTGGCTCAG,CTGCTGCCTYCCGTA,OralCavity,Gums,1.66,3.53,95_166_Gingiva
167_Gingiva,NA,NA,NA,96,ORL_ECO_3576,Indiansitespecificoralmicrobiomestudy,ORL-ECO-3576-S315-167,No,NA,NA,India,Gujarat,167,NA,Male,No,NA,SouthAsian,1,Baseline,16S,GingivalScrapings,V1-V2,Illumina,AGAGTTTGATCCTGGCTCAG,CTGCTGCCTYCCGTA,OralCavity,Gums,1.61,5.11,96_167_Gingiva
174_Gingiva,NA,NA,NA,97,ORL_ECO_3576,Indiansitespecificoralmicrobiomestudy,ORL-ECO-3576-S330-174,No,NA,NA,India,Gujarat,174,NA,Male,No,NA,SouthAsian,1,Baseline,16S,GingivalScrapings,V1-V2,Illumina,AGAGTTTGATCCTGGCTCAG,CTGCTGCCTYCCGTA,OralCavity,Gums,1.44,8.63,97_174_Gingiva
176_Gingiva,NA,NA,NA,98,ORL_ECO_3576,Indiansitespecificoralmicrobiomestudy,ORL-ECO-3576-S323-176,No,NA,NA,India,Gujarat,176,NA,Male,No,NA,SouthAsian,1,Baseline,16S,GingivalScrapings,V1-V2,Illumina,AGAGTTTGATCCTGGCTCAG,CTGCTGCCTYCCGTA,OralCavity,Gums,1.68,3,98_176_Gingiva
177_Gingiva,NA,NA,NA,99,ORL_ECO_3576,Indiansitespecificoralmicrobiomestudy,ORL-ECO-3576-S319-177,No,NA,NA,India,Gujarat,177,NA,Male,No,NA,SouthAsian,1,Baseline,16S,GingivalScrapings,V1-V2,Illumina,AGAGTTTGATCCTGGCTCAG,CTGCTGCCTYCCGTA,OralCavity,Gums,1.42,3.35,99_177_Gingiva
178_Gingiva,NA,NA,NA,100,ORL_ECO_3576,Indiansitespecificoralmicrobiomestudy,ORL-ECO-3576-S321-178,No,NA,NA,India,Gujarat,178,NA,Male,No,NA,SouthAsian,1,Baseline,16S,GingivalScrapings,V1-V2,Illumina,AGAGTTTGATCCTGGCTCAG,CTGCTGCCTYCCGTA,OralCavity,Gums,1.47,3.91,100_178_Gingiva
8_OralRinse,NA,NA,NA,101,ORL_ECO_3576,Indiansitespecificoralmicrobiomestudy,ORL-ECO-3576-S028-008,No,NA,NA,India,Gujarat,8,NA,Female,No,NA,SouthAsian,1,Baseline,16S,OralRinse,V1-V2,Illumina,AGAGTTTGATCCTGGCTCAG,CTGCTGCCTYCCGTA,OralCavity,WholeMouth,2.88,6.34,101_8_OralRinse
51_OralRinse,NA,NA,NA,102,ORL_ECO_3576,Indiansitespecificoralmicrobiomestudy,ORL-ECO-3576-S126-051,No,NA,NA,India,Gujarat,51,NA,Female,No,NA,SouthAsian,1,Baseline,16S,OralRinse,V1-V2,Illumina,AGAGTTTGATCCTGGCTCAG,CTGCTGCCTYCCGTA,OralCavity,WholeMouth,1.75,4.79,102_51_OralRinse
52_OralRinse,NA,NA,NA,103,ORL_ECO_3576,Indiansitespecificoralmicrobiomestudy,ORL-ECO-3576-S129-052,No,NA,NA,India,Gujarat,52,NA,Female,No,NA,SouthAsian,1,Baseline,16S,OralRinse,V1-V2,Illumina,AGAGTTTGATCCTGGCTCAG,CTGCTGCCTYCCGTA,OralCavity,WholeMouth,1.46,5.04,103_52_OralRinse
53_OralRinse,NA,NA,NA,104,ORL_ECO_3576,Indiansitespecificoralmicrobiomestudy,ORL-ECO-3576-S124-053,No,NA,NA,India,Gujarat,53,NA,Female,No,NA,SouthAsian,1,Baseline,16S,OralRinse,V1-V2,Illumina,AGAGTTTGATCCTGGCTCAG,CTGCTGCCTYCCGTA,OralCavity,WholeMouth,1.66,2.72,104_53_OralRinse
54_OralRinse,NA,NA,NA,105,ORL_ECO_3576,Indiansitespecificoralmicrobiomestudy,ORL-ECO-3576-S140-054,No,NA,NA,India,Gujarat,54,NA,Female,No,NA,SouthAsian,1,Baseline,16S,OralRinse,V1-V2,Illumina,AGAGTTTGATCCTGGCTCAG,CTGCTGCCTYCCGTA,OralCavity,WholeMouth,2.25,3.64,105_54_OralRinse
55_OralRinse,NA,NA,NA,106,ORL_ECO_3576,Indiansitespecificoralmicrobiomestudy,ORL-ECO-3576-S150-055,No,NA,NA,India,Gujarat,55,NA,Female,No,NA,SouthAsian,1,Baseline,16S,OralRinse,V1-V2,Illumina,AGAGTTTGATCCTGGCTCAG,CTGCTGCCTYCCGTA,OralCavity,WholeMouth,1.27,5.38,106_55_OralRinse
56_OralRinse,NA,NA,NA,107,ORL_ECO_3576,Indiansitespecificoralmicrobiomestudy,ORL-ECO-3576-S154-056,No,NA,NA,India,Gujarat,56,NA,Female,No,NA,SouthAsian,1,Baseline,16S,OralRinse,V1-V2,Illumina,AGAGTTTGATCCTGGCTCAG,CTGCTGCCTYCCGTA,OralCavity,WholeMouth,3.5,3.67,107_56_OralRinse
57_OralRinse,NA,NA,NA,108,ORL_ECO_3576,Indiansitespecificoralmicrobiomestudy,ORL-ECO-3576-S136-057,No,NA,NA,India,Gujarat,57,NA,Female,No,NA,SouthAsian,1,Baseline,16S,OralRinse,V1-V2,Illumina,AGAGTTTGATCCTGGCTCAG,CTGCTGCCTYCCGTA,OralCavity,WholeMouth,2.32,4.75,108_57_OralRinse
58_OralRinse,NA,NA,NA,109,ORL_ECO_3576,Indiansitespecificoralmicrobiomestudy,ORL-ECO-3576-S135-058,No,NA,NA,India,Gujarat,58,NA,Female,No,NA,SouthAsian,1,Baseline,16S,OralRinse,V1-V2,Illumina,AGAGTTTGATCCTGGCTCAG,CTGCTGCCTYCCGTA,OralCavity,WholeMouth,3.58,3.58,109_58_OralRinse
59_OralRinse,NA,NA,NA,110,ORL_ECO_3576,Indiansitespecificoralmicrobiomestudy,ORL-ECO-3576-S123-059,No,NA,NA,India,Gujarat,59,NA,Female,No,NA,SouthAsian,1,Baseline,16S,OralRinse,V1-V2,Illumina,AGAGTTTGATCCTGGCTCAG,CTGCTGCCTYCCGTA,OralCavity,WholeMouth,2.31,3.94,110_59_OralRinse
60_OralRinse,NA,NA,NA,111,ORL_ECO_3576,Indiansitespecificoralmicrobiomestudy,ORL-ECO-3576-S148-060,No,NA,NA,India,Gujarat,60,NA,Male,No,NA,SouthAsian,1,Baseline,16S,OralRinse,V1-V2,Illumina,AGAGTTTGATCCTGGCTCAG,CTGCTGCCTYCCGTA,OralCavity,WholeMouth,2.61,4,111_60_OralRinse
61_OralRinse,NA,NA,NA,112,ORL_ECO_3576,Indiansitespecificoralmicrobiomestudy,ORL-ECO-3576-S141-061,No,NA,NA,India,Gujarat,61,NA,Female,No,NA,SouthAsian,1,Baseline,16S,OralRinse,V1-V2,Illumina,AGAGTTTGATCCTGGCTCAG,CTGCTGCCTYCCGTA,OralCavity,WholeMouth,2.07,3.64,112_61_OralRinse
62_OralRinse,NA,NA,NA,113,ORL_ECO_3576,Indiansitespecificoralmicrobiomestudy,ORL-ECO-3576-S138-062,No,NA,NA,India,Gujarat,62,NA,Female,No,NA,SouthAsian,1,Baseline,16S,OralRinse,V1-V2,Illumina,AGAGTTTGATCCTGGCTCAG,CTGCTGCCTYCCGTA,OralCavity,WholeMouth,1.52,3.74,113_62_OralRinse
67_OralRinse,NA,NA,NA,114,ORL_ECO_3576,Indiansitespecificoralmicrobiomestudy,ORL-ECO-3576-S171-067,No,NA,NA,India,Gujarat,67,NA,Male,No,NA,SouthAsian,1,Baseline,16S,OralRinse,V1-V2,Illumina,AGAGTTTGATCCTGGCTCAG,CTGCTGCCTYCCGTA,OralCavity,WholeMouth,1.38,3,114_67_OralRinse
82_OralRinse,NA,NA,NA,115,ORL_ECO_3576,Indiansitespecificoralmicrobiomestudy,ORL-ECO-3576-S184-082,No,NA,NA,India,Gujarat,82,NA,Male,No,NA,SouthAsian,1,Baseline,16S,OralRinse,V1-V2,Illumina,AGAGTTTGATCCTGGCTCAG,CTGCTGCCTYCCGTA,OralCavity,WholeMouth,1.68,5.08,115_82_OralRinse
139_OralRinse,NA,NA,NA,116,ORL_ECO_3576,Indiansitespecificoralmicrobiomestudy,ORL-ECO-3576-S282-139,No,NA,NA,India,Gujarat,139,NA,Male,No,NA,SouthAsian,1,Baseline,16S,OralRinse,V1-V2,Illumina,AGAGTTTGATCCTGGCTCAG,CTGCTGCCTYCCGTA,OralCavity,WholeMouth,1.43,4.25,116_139_OralRinse
141_OralRinse,NA,NA,NA,117,ORL_ECO_3576,Indiansitespecificoralmicrobiomestudy,ORL-ECO-3576-S283-141,No,NA,NA,India,Gujarat,141,NA,Male,No,NA,SouthAsian,1,Baseline,16S,OralRinse,V1-V2,Illumina,AGAGTTTGATCCTGGCTCAG,CTGCTGCCTYCCGTA,OralCavity,WholeMouth,2.65,3.9,117_141_OralRinse
148_OralRinse,NA,NA,NA,118,ORL_ECO_3576,Indiansitespecificoralmicrobiomestudy,ORL-ECO-3576-S290-148,No,NA,NA,India,Gujarat,148,NA,Male,No,NA,SouthAsian,1,Baseline,16S,OralRinse,V1-V2,Illumina,AGAGTTTGATCCTGGCTCAG,CTGCTGCCTYCCGTA,OralCavity,WholeMouth,1.38,3.19,118_148_OralRinse
149_OralRinse,NA,NA,NA,119,ORL_ECO_3576,Indiansitespecificoralmicrobiomestudy,ORL-ECO-3576-S292-149,No,NA,NA,India,Gujarat,149,NA,Male,No,NA,SouthAsian,1,Baseline,16S,OralRinse,V1-V2,Illumina,AGAGTTTGATCCTGGCTCAG,CTGCTGCCTYCCGTA,OralCavity,WholeMouth,1.25,4.06,119_149_OralRinse
166_OralRinse,NA,NA,NA,120,ORL_ECO_3576,Indiansitespecificoralmicrobiomestudy,ORL-ECO-3576-S314-166,No,NA,NA,India,Gujarat,166,NA,Male,No,NA,SouthAsian,1,Baseline,16S,OralRinse,V1-V2,Illumina,AGAGTTTGATCCTGGCTCAG,CTGCTGCCTYCCGTA,OralCavity,WholeMouth,1.66,3.53,120_166_OralRinse
167_OralRinse,NA,NA,NA,121,ORL_ECO_3576,Indiansitespecificoralmicrobiomestudy,ORL-ECO-3576-S315-167,No,NA,NA,India,Gujarat,167,NA,Male,No,NA,SouthAsian,1,Baseline,16S,OralRinse,V1-V2,Illumina,AGAGTTTGATCCTGGCTCAG,CTGCTGCCTYCCGTA,OralCavity,WholeMouth,1.61,5.11,121_167_OralRinse
174_OralRinse,NA,NA,NA,122,ORL_ECO_3576,Indiansitespecificoralmicrobiomestudy,ORL-ECO-3576-S330-174,No,NA,NA,India,Gujarat,174,NA,Male,No,NA,SouthAsian,1,Baseline,16S,OralRinse,V1-V2,Illumina,AGAGTTTGATCCTGGCTCAG,CTGCTGCCTYCCGTA,OralCavity,WholeMouth,1.44,8.63,122_174_OralRinse
176_OralRinse,NA,NA,NA,123,ORL_ECO_3576,Indiansitespecificoralmicrobiomestudy,ORL-ECO-3576-S323-176,No,NA,NA,India,Gujarat,176,NA,Male,No,NA,SouthAsian,1,Baseline,16S,OralRinse,V1-V2,Illumina,AGAGTTTGATCCTGGCTCAG,CTGCTGCCTYCCGTA,OralCavity,WholeMouth,1.68,3,123_176_OralRinse
177_OralRinse,NA,NA,NA,124,ORL_ECO_3576,Indiansitespecificoralmicrobiomestudy,ORL-ECO-3576-S319-177,No,NA,NA,India,Gujarat,177,NA,Male,No,NA,SouthAsian,1,Baseline,16S,OralRinse,V1-V2,Illumina,AGAGTTTGATCCTGGCTCAG,CTGCTGCCTYCCGTA,OralCavity,WholeMouth,1.42,3.35,124_177_OralRinse
178_OralRinse,NA,NA,NA,125,ORL_ECO_3576,Indiansitespecificoralmicrobiomestudy,ORL-ECO-3576-S321-178,No,NA,NA,India,Gujarat,178,NA,Male,No,NA,SouthAsian,1,Baseline,16S,OralRinse,V1-V2,Illumina,AGAGTTTGATCCTGGCTCAG,CTGCTGCCTYCCGTA,OralCavity,WholeMouth,1.47,3.91,125_178_OralRinse
